filename, cardno, date, name
card6_jpg.rf.0951f88a963216360fb7f0fbb843f197.jpg, 1, 1, 1
card74_jpg.rf.08142278c5d28e27164fccdc52761023.jpg, 1, 1, 1
card88_jpg.rf.059184b7b5606217a1f249977d6f6a66.jpg, 1, 1, 1
card81_jpg.rf.02623a41bd1781fc6324d02b6529b21b.jpg, 1, 1, 1
card62_jpg.rf.03712240c2b55a0bee3bff1b5be6a23b.jpg, 1, 1, 1
card45_jpg.rf.192fc33f95b778f037e237e420ab06c9.jpg, 1, 1, 1
card98_jpg.rf.1953226d193528ddfbe861e56dbae9a3.jpg, 1, 1, 1
card89_jpg.rf.0a61faca54a426c8ca4f44f778b741eb.jpg, 1, 1, 1
card86_jpg.rf.030afa34fd38a3052f70f3dd7afbf244.jpg, 1, 1, 1
card83_jpg.rf.0db39afdcc101a0104322d8dd6ce9554.jpg, 1, 1, 1
card25_jpg.rf.0ad76bbd5cbf041798923bf6c971262c.jpg, 1, 1, 1
card7_jpg.rf.1196bd88ac9999f503146b46057bee75.jpg, 1, 1, 1
card65_jpg.rf.1f3074210225fff53c2fa1ac9a92b045.jpg, 1, 1, 1
card20_jpg.rf.1c3113a400a986463aa22ef00786b1f1.jpg, 1, 1, 1
card59_jpg.rf.0dd5f50e5963e9940e6f9393602706b6.jpg, 1, 1, 1
card7_jpg.rf.1a5386ef0229a7df0496d35a473858c6.jpg, 1, 1, 1
card53_jpg.rf.17df775e970e62e48190422b32909cc6.jpg, 1, 1, 1
card66_jpg.rf.25164359f9751fde91af47dde5bde416.jpg, 1, 1, 1
card66_jpg.rf.2194a3eb1eedf77ac845e275559d5a1e.jpg, 1, 1, 1
card36_jpg.rf.2245597162ead049bad4b0a6c8ed3f43.jpg, 1, 1, 1
card96_jpg.rf.20ae32c3a862527cd5f7cfb2b2658f24.jpg, 1, 1, 1
card35_jpg.rf.34865c42840c8cda56740273a665629e.jpg, 1, 1, 1
card31_jpg.rf.3cb1683d7598cade3e2684111c3e770b.jpg, 1, 1, 1
card31_jpg.rf.20d15d5629b7800dedf7a4993988d2e5.jpg, 1, 1, 1
card97_jpg.rf.1d3455c5c9666f1093647991428023c2.jpg, 1, 1, 1
card77_jpg.rf.2dbe9bf34853673f3f826b8e5031c263.jpg, 1, 1, 1
card40_jpg.rf.3a9c76e30a44c34c119238849397c791.jpg, 1, 1, 1
card1_jpg.rf.3f2cf3544c13737ca5d5ae9eca7bb353.jpg, 1, 1, 1
card3_jpg.rf.2d174989adf2d76bac953923afafb706.jpg, 1, 1, 1
card28_jpg.rf.24f3c8df6bcfdcc48e48e2b777c80c5b.jpg, 1, 1, 1
card87_jpg.rf.42a81a7088579da65a03caf037b5bd54.jpg, 1, 1, 1
card48_jpg.rf.2f791eed7822a9310edf00c18cf1282e.jpg, 1, 1, 1
card40_jpg.rf.3ec6bfb64be26c45636f898601675a2f.jpg, 1, 1, 1
card95_jpg.rf.485a2eb83741a81a63ade42ba6cee6a3.jpg, 1, 1, 1
card76_jpg.rf.46650a35d624192abb501b39cbbbc1e5.jpg, 1, 1, 1
card58_jpg.rf.3e3564e37f119c6a75b1f10f0eb788a0.jpg, 1, 1, 1
card4_jpg.rf.2ced3d8875ddd3c490bde0dee506ca57.jpg, 1, 1, 1
card44_jpg.rf.5278432c4c694a4c68ff4aaf5a471778.jpg, 1, 1, 1
card10_jpg.rf.3fbd80764a2b66cdc568d864577d56cb.jpg, 1, 1, 1
card88_jpg.rf.39545bb23c9d66129c69136172f73181.jpg, 1, 1, 1
card45_jpg.rf.4bffff92b9f10ed2f986ebff027a3741.jpg, 1, 1, 1
card39_jpg.rf.5466a1c660057f26b88c09cbc9fcc116.jpg, 1, 1, 1
card9_jpg.rf.50bcc1b608909c2350c75959b7c62609.jpg, 1, 1, 1
card17_jpg.rf.66141b0c650d49003bd3224cf1bde957.jpg, 1, 1, 1
card48_jpg.rf.6acad9b00b85f91b5dd36af10f851572.jpg, 1, 1, 1
card74_jpg.rf.5f76d24ae66dcc52ec3297261684b40a.jpg, 1, 1, 1
card64_jpg.rf.604621536e94a78c9c49590f7a69c23c.jpg, 1, 1, 1
card83_jpg.rf.66662047692123999576bfb4d1f3158a.jpg, 1, 1, 1
card12_jpg.rf.4b47252bd50e6bd00d925cc387ec817f.jpg, 1, 1, 1
card98_jpg.rf.5ca9348f4d4a99421a5b0ac1a1192baf.jpg, 1, 1, 1
card81_jpg.rf.513b4dfad4c7c06d54f4f947e2a417d7.jpg, 1, 1, 1
card19_jpg.rf.5601c06e2a52363d06e50ce9ed3261c3.jpg, 1, 1, 1
card22_jpg.rf.52c494c042853d14539295c4c12a9c9a.jpg, 1, 1, 1
card93_jpg.rf.690226efca38cd31fa022ec0617fb6cb.jpg, 1, 1, 1
card72_jpg.rf.6886908c3ece04965927272c937f3663.jpg, 1, 1, 1
card8_jpg.rf.6f1704c6563a3e2713dc044b7a11ed07.jpg, 1, 1, 1
card95_jpg.rf.505168ce8751dc15f362292e9d4dea48.jpg, 1, 1, 1
card28_jpg.rf.5166e5cfc95118285a93f95b04e9b7cb.jpg, 1, 1, 1
card69_jpg.rf.5603e8db663757835477e53607836847.jpg, 1, 1, 1
card99_jpg.rf.70c8e54b080617f2ff67bc811171472e.jpg, 1, 1, 1
card38_jpg.rf.6f6747457eb8478ab8ad2d623613c3e8.jpg, 1, 1, 1
card22_jpg.rf.6b099fb888ccd999871a7a8f01c865c4.jpg, 1, 1, 1
card49_jpg.rf.743bb6238ee33521f9593adfc9438eb8.jpg, 1, 1, 1
card70_jpg.rf.794c02e6ae4626fd082ee2e240dfee40.jpg, 1, 1, 1
card1_jpg.rf.755a9fd66d6345a986c8b1ec4c77768c.jpg, 1, 1, 1
card26_jpg.rf.7b050410c4e88b19cc9d575ee7dd953f.jpg, 1, 1, 1
card59_jpg.rf.87357115fed62cd97a696895a44d7242.jpg, 1, 1, 1
card93_jpg.rf.73a7271de9ed477ef48f738e6e79eca1.jpg, 1, 1, 1
card19_jpg.rf.85bbba8ccd0062c18b34ee81aeaa67d4.jpg, 1, 1, 1
card26_jpg.rf.795cc8ad4d547ca60dbbaa38a481efaf.jpg, 1, 1, 1
card41_jpg.rf.77e6b7da05c1e9d997617052515703b0.jpg, 1, 1, 1
card2_jpg.rf.66cf8f57bb294410a89340fae6ed4e0a.jpg, 1, 1, 1
card53_jpg.rf.8428c801368cdb1b75f710282585ee3a.jpg, 1, 1, 1
card8_jpg.rf.7cc616fa01a55aaea18772a48a1aab3b.jpg, 1, 1, 1
card97_jpg.rf.703c37ad6ab8e6a95433dc1c2a276c6c.jpg, 1, 1, 1
card42_jpg.rf.8d8e939e81339e55783575a49926c77d.jpg, 1, 1, 1
card47_jpg.rf.778730caecccccf29e33c89185b93270.jpg, 1, 1, 1
card34_jpg.rf.8782c8f406a22e76c45ceed535ab0544.jpg, 1, 1, 1
card82_jpg.rf.85aa318bf38eb83edbfa740a939baed0.jpg, 1, 1, 1
card94_jpg.rf.8a76a764fd741ee77af8807d612eef1b.jpg, 1, 1, 1
card61_jpg.rf.9ce353f739081c4dc586978cf0a9dedc.jpg, 1, 1, 1
card38_jpg.rf.91da4c4a14716bda0c7581a932945447.jpg, 1, 1, 1
card56_jpg.rf.12e88607813a6ca52da7feed17c33946.jpg, 1, 1, 1
card76_jpg.rf.6f3d7975147e99d3c1c7b6167ea32387.jpg, 1, 1, 1
card18_jpg.rf.8f5a1d9b14561145b0dd9f58b4957dd7.jpg, 1, 1, 1
card60_jpg.rf.8a504f72192239d67eae5d00ec2bb612.jpg, 1, 1, 1
card24_jpg.rf.89d3239e5226ad8067f01b5588da664c.jpg, 1, 1, 1
card12_jpg.rf.a9aeb7b76e07eae3988afb639565af46.jpg, 1, 1, 1
card24_jpg.rf.a5aa93512bc97237ef2b7ba8dd43ce99.jpg, 1, 1, 1
card89_jpg.rf.b59a3b5dc840c226de40b5b90ef4e117.jpg, 1, 1, 1
card16_jpg.rf.93da8f85b5d66c5183f72dd249228292.jpg, 1, 1, 1
card21_jpg.rf.ac81395402e19ab61090a2412f78f2a9.jpg, 1, 1, 1
card51_jpg.rf.aed887585e44d910f9e42112f8ae66c6.jpg, 1, 1, 1
card17_jpg.rf.92313622ab4f5fe0630617fd10999cfd.jpg, 1, 1, 1
card16_jpg.rf.9d5c5f6429d8daaf83ced820279dc52d.jpg, 1, 1, 1
card78_jpg.rf.ba674a8b252f38b0c172810901a38966.jpg, 1, 1, 1
card30_jpg.rf.937a11579408b26f1a3bd04f75a4c97a.jpg, 1, 1, 1
card82_jpg.rf.b42ba6d4bcbab357e29794ff71bd66d3.jpg, 1, 1, 1
card75_jpg.rf.992db53044fcf35f9bafec561b0fcc04.jpg, 1, 1, 1
card80_jpg.rf.a6c815c8444e12fee29e96ffc38ee930.jpg, 1, 1, 1
card56_jpg.rf.a27ee7a6cc7ab5c323233b53c1edd678.jpg, 1, 1, 1
card99_jpg.rf.999ef0f854fdb40e6b1f55f0fc6898bb.jpg, 1, 1, 1
card67_jpg.rf.c496155af0c1c22345f2e6afb258cb43.jpg, 1, 1, 1
card87_jpg.rf.ba2dae63ab606e2490371c9068722dab.jpg, 1, 1, 1
card3_jpg.rf.cc2444f5a9aa5f7fc5d7e9c2828f8e47.jpg, 1, 1, 1
card9_jpg.rf.ccc4fe5f3142bf2f3c9b566835277939.jpg, 1, 1, 1
card5_jpg.rf.c4c4aa255d2a0cd4ecb0f6d151697efa.jpg, 1, 1, 1
card39_jpg.rf.ba315f5733007eb54a98c99e98caf69a.jpg, 1, 1, 1
card42_jpg.rf.c76d3e04b3b5656f9934699d954be955.jpg, 1, 1, 1
card2_jpg.rf.d312ee14e41c0fb1b63651030d0be8e7.jpg, 1, 1, 1
card65_jpg.rf.cacb2cb3cc761e259d6f3a7ff8659009.jpg, 1, 1, 1
card21_jpg.rf.cdf31b3156d521b3e0e71e263772cf6e.jpg, 1, 1, 1
card51_jpg.rf.c5158880aba5c6118c018427cee99a87.jpg, 1, 1, 1
card35_jpg.rf.b426e241706091db62b9988d1ba7e201.jpg, 1, 1, 1
card23_jpg.rf.be68925471876f3548e9b5613729045e.jpg, 1, 1, 1
card25_jpg.rf.d3b912d6f658c4e8309fc5ecf9596e2a.jpg, 1, 1, 1
card44_jpg.rf.e791da0f544462901724c62fe432952a.jpg, 1, 1, 1
card4_jpg.rf.e485af8225946e1de777a67a92bddb87.jpg, 1, 1, 1
card20_jpg.rf.e6ed0259930add184cd1d329f8e35804.jpg, 1, 1, 1
card50_jpg.rf.dce059bd56ea7db3d62737abed0f7c61.jpg, 1, 1, 1
card78_jpg.rf.e8f06c5c2ea1de3199275a622f0b5e3d.jpg, 1, 1, 1
card47_jpg.rf.b730cf9e049fa6b0ad67d7864be53305.jpg, 1, 1, 1
card23_jpg.rf.d84b8800a43c1724d2b7c1b62c73de17.jpg, 1, 1, 1
card36_jpg.rf.e95316371f5f4c4b46626535c9fe1fa6.jpg, 1, 1, 1
card86_jpg.rf.cf033b0c849ce9ff581740736e9151c5.jpg, 1, 1, 1
card60_jpg.rf.e755d26742257e0bda47e5bd5f6c66f6.jpg, 1, 1, 1
card30_jpg.rf.ddd9ba729a541be60eec448c85611092.jpg, 1, 1, 1
card49_jpg.rf.e9c3993a84e54b2fcd2f8fdc2c7a78df.jpg, 1, 1, 1
card55_jpg.rf.bb4b414d6710872699fc0758865d3c2b.jpg, 1, 1, 1
card100_jpg.rf.921b8b7140300ca3927cd1a17e26126e.jpg, 1, 1, 1
card62_jpg.rf.dba80325680fad4dbdea3c4ddf76b463.jpg, 1, 1, 1
card18_jpg.rf.eb16562cb3c2b553dbac3c722e91edc5.jpg, 1, 1, 1
card80_jpg.rf.b98a8cbb33b35c20ecc8b74347a3dc1d.jpg, 1, 1, 1
card94_jpg.rf.70e266217efa4246853f009f5f2b026d.jpg, 1, 1, 1
card67_jpg.rf.ea2a642007096dd6ff331c9a23fd1f52.jpg, 1, 1, 1
card96_jpg.rf.ec986a658c60023be52000b224a01223.jpg, 1, 1, 1
card10_jpg.rf.ed680312906dc8491ae70664a8baaf96.jpg, 1, 1, 1
card58_jpg.rf.eae33d29000ff4e0d495f6a45fe632e6.jpg, 1, 1, 1
card77_jpg.rf.f199b8726fb8658410fb720a89e53b3e.jpg, 1, 1, 1
card41_jpg.rf.e826aa224dcc9d6bb6ff1da525596ee0.jpg, 1, 1, 1
card6_jpg.rf.f9479f2a67225c593caa437dad1d7e27.jpg, 1, 1, 1
card55_jpg.rf.ed8efb2dfa0bc32a8fa200412eaff76c.jpg, 1, 1, 1
card70_jpg.rf.eda8389ea423a7110121a3541dba9dad.jpg, 1, 1, 1
card50_jpg.rf.d13ec5b0bcdf24e7aee7091c4639c298.jpg, 1, 1, 1
card69_jpg.rf.f73689c512c4dcacd9158ae6a626acfe.jpg, 1, 1, 1
card34_jpg.rf.f051aa98f07cee4e1bcc89b77bb20952.jpg, 1, 1, 1
card75_jpg.rf.f4f0b46c4183d03f835e387cde922d76.jpg, 1, 1, 1
card61_jpg.rf.f825117a06f0d6195410605de94b1f41.jpg, 1, 1, 1
card100_jpg.rf.f8d3a6dc582f8a3294c968c74bcfacd1.jpg, 1, 1, 1
card5_jpg.rf.ffdf327b659b029bb30978122c383446.jpg, 1, 1, 1
card72_jpg.rf.fc853ba8a2f4eb35b3dd10e6a081eacc.jpg, 1, 1, 1
card64_jpg.rf.815ee23e70df3e381db897ddb03b2a05.jpg, 1, 1, 1